"model1","model2","model3","model4","model5","model6","model7","model8","model9","model10","model11","model12","model13","model14","model15","model16","model17","model18","model19","model20","model21","model22","year"
0.41139,0.34854,0.32846,0.39327,0.3281,0.51775,0.91528,0.84252,0.48976,0.31529,0.45021,0.55647,0.38128,0.47804,0.57626,0.39086,0.25313,0.38005,0.80994,0.47227,0.41045,0.36682,1950
0.18347,0.48578,0.3725,0.38111,0.52237,0.52033,0.86793,0.81395,0.55738,0.56411,0.18955,0.46207,0.46931,0.47089,0.60609,0.32687,0.1835,0.29494,0.95328,0.57669,0.54875,0.55618,1951
0.38958,0.48739,0.26415,0.39517,0.26184,0.62548,0.88165,1.0776,0.33432,0.30112,0.41768,0.55903,0.35242,0.35967,0.64212,0.31083,0.42938,0.28466,0.66552,0.49085,0.27182,0.69623,1952
0.31052,0.38567,0.2991,0.38177,0.43158,0.73174,0.75092,0.87837,0.26632,0.29288,0.40447,0.46671,0.55324,0.40345,0.58617,0.38849,0.26346,0.2906,1.0256,0.52938,0.34469,0.35351,1953
0.40083,0.47282,0.26043,0.46341,0.32937,0.60725,0.86544,0.79448,0.68344,0.27199,0.43783,0.50588,0.49069,0.46505,0.49309,0.21097,0.38639,0.34569,0.95088,0.43841,0.30814,0.45361,1954
0.35338,0.46061,0.30591,0.37451,0.53041,0.65564,0.88848,0.93806,0.32432,0.302,0.29686,0.45277,0.51601,0.4981,0.52411,0.21984,0.26145,0.22997,0.80709,0.44136,0.37419,0.62484,1955
0.31511,0.44455,0.305,0.50587,0.25229,0.365,0.88681,0.92651,0.47653,0.30561,0.20145,0.47604,0.4524,0.33567,0.67278,0.45724,0.31686,0.28184,0.67176,0.30676,0.30021,0.44902,1956
0.20684,0.22652,0.46542,0.56948,0.3182,0.41359,0.86403,0.7651,0.55229,0.35969,0.35845,0.31053,0.46174,0.33369,0.54131,0.23502,0.19205,0.18653,0.90195,0.34866,0.55369,0.40177,1957
0.4552,0.54206,0.53267,0.47355,0.49425,0.52668,0.65026,0.7988,0.62725,0.34267,0.28476,0.57489,0.45984,0.42423,0.45279,0.25833,0.16918,0.25531,0.7855,0.50745,0.42276,0.51781,1958
0.37017,0.37549,0.37393,0.39124,0.32091,0.67024,0.94031,1.0113,0.51935,0.31257,0.38198,0.53036,0.58561,0.31975,0.63146,0.20078,0.3183,0.30763,0.73731,0.56216,0.43962,0.41751,1959
0.37786,0.36358,0.43452,0.46902,0.22422,0.5758,0.7916,0.98865,0.35034,0.32249,0.45056,0.43834,0.48469,0.34247,0.67209,0.23199,0.35652,0.32832,0.69995,0.48068,0.3177,0.27742,1960
0.26878,0.33585,0.30532,0.36285,0.381,0.4173,0.87591,0.65753,0.30557,0.40784,0.27907,0.48953,0.47279,0.34682,0.49009,0.36824,0.27751,0.27708,0.36186,0.3878,0.40355,0.4199,1961
0.49897,0.26251,0.35728,0.54085,0.54288,0.29965,0.96433,0.87862,0.30115,0.28944,0.33316,0.50427,0.45571,0.38561,0.63268,0.27315,0.28265,0.15953,0.77144,0.56485,0.6616,0.5268,1962
0.31972,0.26626,0.26399,0.43204,0.36115,0.48643,0.82114,0.76584,0.38528,0.44563,0.47535,0.42994,0.50657,0.46065,0.6154,0.33779,0.4227,0.26859,0.88951,0.41866,0.45901,0.45911,1963
0.33994,0.28993,0.40351,0.45438,0.44124,0.51838,0.7593,0.78701,0.52248,0.3,0.25742,0.43042,0.41269,0.30119,0.53319,0.32528,0.1121,0.27086,0.92533,0.55486,0.38527,0.44996,1964
0.25087,0.50017,0.34659,0.43767,0.36951,0.37456,0.81602,0.73693,0.36053,0.29809,0.37146,0.43052,0.26195,0.38462,0.56699,0.21075,0.22392,0.23866,0.61331,0.53272,0.48355,0.23954,1965
0.38555,0.43555,0.2305,0.36464,0.44051,0.67995,0.66937,0.66708,0.39611,0.46528,0.2682,0.36955,0.40488,0.36551,0.59147,0.3136,0.27893,0.2838,0.85557,0.47975,0.35196,0.63051,1966
0.45036,0.3888,0.44124,0.38212,0.37004,0.51871,0.86081,0.87465,0.50696,0.45073,0.43772,0.41399,0.49421,0.36818,0.58826,0.27941,0.24286,0.25337,0.94208,0.48756,0.32493,0.56937,1967
0.39393,0.49123,0.5262,0.41134,0.51324,0.44235,0.81182,0.93244,0.22199,0.46258,0.46195,0.49873,0.47039,0.44079,0.4811,0.21525,0.18529,0.21856,0.68558,0.23196,0.42875,0.52831,1968
0.38104,0.32193,0.30145,0.44705,0.536,0.44142,0.58702,1.0229,0.28872,0.3463,0.2877,0.51995,0.40966,0.41978,0.68922,0.20998,0.24718,0.30211,0.68693,0.4846,0.31096,0.22265,1969
0.39216,0.59937,0.41421,0.43438,0.32239,0.68326,0.87124,0.91342,0.47058,0.28908,0.38144,0.41251,0.37133,0.33935,0.54365,0.26792,0.21697,0.1756,0.64557,0.36642,0.2282,0.38104,1970
0.26821,0.35083,0.29014,0.49799,0.2971,0.47381,1.0623,0.99165,0.52111,0.37414,0.21045,0.47906,0.43217,0.37794,0.4985,0.32228,0.21189,0.17488,1.1392,0.56735,0.29102,0.35713,1971
0.4818,0.2936,0.39571,0.34514,0.51729,0.60036,0.63427,0.84306,0.52827,0.23854,0.18015,0.3046,0.38519,0.39736,0.49484,0.26537,0.28863,0.24321,0.8819,0.50389,0.32014,0.51638,1972
0.25557,0.4693,0.35681,0.57251,0.39886,0.51207,1.0094,0.82798,0.36971,0.35339,0.38486,0.25752,0.40594,0.60091,0.44939,0.24054,0.27532,0.25243,0.93734,0.34391,0.3844,0.42174,1973
0.29185,0.41226,0.36684,0.42439,0.44878,0.4993,1.0674,0.9765,0.16215,0.18401,0.46098,0.41635,0.45785,0.42122,0.68244,0.26011,0.14591,0.28602,1.1299,0.478,0.44605,0.52244,1974
0.37975,0.5254,0.39222,0.3829,0.19175,0.33775,0.79268,0.69495,0.2666,0.3136,0.52302,0.48646,0.62292,0.39802,0.39709,0.25935,0.18561,0.21035,0.78853,0.21476,0.35347,0.25006,1975
0.36582,0.51597,0.28361,0.46955,0.48131,0.59831,0.61996,0.64378,0.61837,0.26346,0.41234,0.45444,0.44688,0.3853,0.44664,0.38423,0.15431,0.21855,0.92645,0.59638,0.39431,0.44603,1976
0.25071,0.41169,0.41093,0.38116,0.51223,0.61167,0.95641,0.92542,0.35796,0.35622,0.42009,0.23916,0.37206,0.36067,0.67035,0.23992,0.19071,0.28174,0.82829,0.47396,0.45717,0.45381,1977
0.30085,0.54243,0.22288,0.56776,0.33504,0.44112,0.94323,0.88316,0.41361,0.35553,0.27172,0.45326,0.23186,0.55506,0.68551,0.25831,0.32645,0.21998,0.8779,0.72481,0.23378,0.5532,1978
0.31546,0.31741,0.48193,0.38588,0.29428,0.33681,0.73147,0.77412,0.49934,0.3183,0.1817,0.50818,0.47754,0.454,0.45435,0.15445,0.34139,0.27991,0.92349,0.56092,0.24035,0.56089,1979
0.33675,0.59729,0.28759,0.41923,0.58625,0.81853,0.91499,0.89619,0.29413,0.44459,0.27236,0.51801,0.36455,0.44847,0.65051,0.36591,0.24822,0.31555,0.8509,0.32195,0.27476,0.4805,1980
0.39342,0.46842,0.37922,0.2713,0.51768,0.84449,0.69901,0.9126,0.41135,0.28406,0.28958,0.29771,0.35431,0.48617,0.60377,0.27061,0.24288,0.27368,0.80651,0.39773,0.2405,0.52226,1981
0.38662,0.1112,0.29482,0.57625,0.3814,0.46667,0.95444,0.77468,0.50971,0.20959,0.43467,0.40502,0.46753,0.33021,0.57831,0.4144,0.24638,0.27915,0.66967,0.47662,0.49012,0.30889,1982
0.18312,0.43943,0.27374,0.5579,0.44164,0.44006,0.63901,1.1419,0.4485,0.5192,0.25921,0.39672,0.31046,0.49396,0.53588,0.37307,0.3285,0.236,0.62681,0.28588,0.30302,0.59482,1983
0.34485,0.42994,0.38586,0.37951,0.48258,0.44509,0.68961,0.68166,0.2652,0.45077,0.34678,0.51458,0.32491,0.41977,0.55868,0.30741,0.20571,0.13123,0.92511,0.50454,0.63361,0.28531,1984
0.35837,0.46825,0.34777,0.40022,0.43244,0.50517,0.94287,0.98017,0.54124,0.36742,0.42447,0.4391,0.30133,0.47293,0.63102,0.24674,0.39823,0.27112,0.67903,0.55967,0.22617,0.36365,1985
0.44136,0.43675,0.44454,0.43143,0.39106,0.61779,0.96079,0.5294,0.37445,0.3279,0.29811,0.39396,0.31192,0.32501,0.72308,0.28439,0.1581,0.22649,0.77402,0.47045,0.32317,0.58677,1986
0.35702,0.42245,0.28075,0.53361,0.51546,0.56238,0.89234,1.0954,0.31868,0.33851,0.47817,0.52204,0.5216,0.39278,0.57412,0.091901,0.29224,0.40088,1.1803,0.26019,0.6592,0.46858,1987
0.29199,0.47568,0.41306,0.37753,0.52582,0.57976,0.75618,1.0194,0.27789,0.42218,0.40631,0.50492,0.31189,0.49466,0.49652,0.2783,0.33655,0.22544,0.88946,0.45335,0.51095,0.44113,1988
0.37171,0.43124,0.43974,0.43797,0.36741,0.47468,0.78836,0.61753,0.052384,0.48002,0.43478,0.35122,0.38576,0.5544,0.47208,0.22003,0.2907,0.19035,0.67434,0.41635,0.30784,0.62374,1989
0.41426,0.41073,0.39015,0.57055,0.47742,0.55106,0.87281,0.84238,0.50552,0.35967,0.39285,0.36573,0.4315,0.46088,0.56212,0.41414,0.32351,0.31549,0.84525,0.38598,0.42735,0.54851,1990
0.50679,0.57372,0.41395,0.50492,0.47253,0.50026,0.74031,0.89149,0.30171,0.374,0.54752,0.46104,0.25327,0.42266,0.67103,0.2649,0.40284,0.28877,0.77138,0.62806,0.42339,0.29136,1991
0.32364,0.40819,0.41106,0.5375,0.4154,0.40935,0.6967,0.90344,0.36928,0.24409,0.44608,0.39464,0.36196,0.45386,0.58215,0.46482,0.23417,0.29291,0.81382,0.59672,0.52806,0.37478,1992
0.32692,0.46052,0.39665,0.44829,0.39775,0.35327,0.71004,0.77287,0.41877,0.43836,0.39281,0.39002,0.27633,0.37642,0.70694,0.35678,0.34354,0.25898,0.66979,0.43361,0.30846,0.46121,1993
0.33719,0.43736,0.33032,0.45894,0.42895,0.40621,0.69919,1.0674,0.62696,0.35073,0.38873,0.52244,0.56549,0.43974,0.62617,0.31068,0.20103,0.16919,0.96624,0.41416,0.37425,0.4362,1994
0.39001,0.47581,0.37735,0.43431,0.34248,0.55159,0.83642,0.89699,0.50825,0.14912,0.38688,0.37989,0.48688,0.29529,0.54937,0.23917,0.27416,0.18993,0.63549,0.41523,0.27501,0.54835,1995
0.38843,0.28218,0.39175,0.37545,0.30254,0.51839,0.78156,0.92702,0.31031,0.30258,0.40537,0.31929,0.34327,0.48145,0.73754,0.30743,0.17451,0.17768,1.0071,0.68106,0.5288,0.51763,1996
0.31366,0.4597,0.30349,0.29753,0.48601,0.37446,0.66905,0.98366,0.44827,0.41239,0.39945,0.4912,0.42435,0.41032,0.64099,0.37406,0.31946,0.18224,0.90288,0.52044,0.41437,0.37832,1997
0.33864,0.36686,0.49337,0.29461,0.39221,0.37089,0.62731,1.1154,0.58381,0.36085,0.47388,0.47864,0.4134,0.41807,0.51714,0.27473,0.20108,0.18304,0.94782,0.63265,0.35854,0.2683,1998
0.43418,0.45881,0.40253,0.51794,0.3043,0.51186,0.83241,1.0922,0.13399,0.26675,0.51729,0.30851,0.48803,0.42645,0.71403,0.28066,0.30106,0.50391,0.85796,0.53656,0.54198,0.74701,1999
0.38744,0.45867,0.38793,0.4952,0.24869,0.52304,1.0613,0.70814,0.31537,0.31328,0.36039,0.44349,0.48481,0.47526,0.59,0.31959,0.22633,0.30239,1.001,0.59718,0.32602,0.18295,2000
0.36524,0.43612,0.43566,0.42883,0.50376,0.51769,0.73684,1.1357,0.47994,0.48162,0.26997,0.38965,0.39707,0.65438,0.66413,0.26264,0.30605,0.36753,0.81507,0.65231,0.35982,0.55726,2001
0.30505,0.37979,0.38766,0.46282,0.63656,0.56944,0.83214,0.79381,0.51451,0.36223,0.15048,0.34877,0.44401,0.49897,0.55103,0.23741,0.27318,0.20187,1.0244,0.73364,0.62144,0.47614,2002
0.51219,0.51973,0.33023,0.42866,0.45157,0.49647,1.0289,0.63928,0.37439,0.39925,0.43659,0.56447,0.39316,0.38621,0.73087,0.341,0.20574,0.30489,0.82106,0.41363,0.50784,0.68923,2003
0.24378,0.36901,0.56123,0.45454,0.58002,0.80285,0.88074,0.97166,0.26731,0.50258,0.21231,0.39578,0.5271,0.429,0.35668,0.28319,0.33027,0.35678,0.96336,0.6435,0.4628,0.51101,2004
0.30282,0.40499,0.33822,0.45438,0.37964,0.69817,1.0357,1.0713,0.46272,0.34704,0.30047,0.40697,0.46036,0.42625,0.59963,0.26274,0.35738,0.32471,1.0675,0.38331,0.45868,0.51094,2005
0.55945,0.32831,0.26979,0.40237,0.30671,0.53411,0.5307,0.82043,0.62479,0.43615,0.41469,0.30349,0.44383,0.49066,0.80758,0.21571,0.2759,0.26046,0.91941,0.58213,0.39216,0.38621,2006
0.42321,0.32165,0.39662,0.43616,0.42247,0.45343,0.97175,0.78677,0.36475,0.4078,0.28632,0.35691,0.40537,0.51393,0.52434,0.23924,0.32417,0.37509,1.0822,0.70773,0.46837,0.48439,2007
0.34388,0.40253,0.47204,0.4986,0.36851,0.63598,1.0044,0.7065,0.45139,0.45521,0.44646,0.43643,0.5087,0.32404,0.55978,0.31945,0.32053,0.20251,1.0508,0.3695,0.4294,0.32977,2008
0.39064,0.48436,0.41769,0.43553,0.36519,0.50423,0.78414,0.94227,0.56048,0.22754,0.34545,0.48801,0.49568,0.37774,0.56904,0.32931,0.3056,0.27328,1.0119,0.40648,0.44653,0.63848,2009
0.3323,0.45104,0.45361,0.42218,0.61884,0.4356,0.8064,1.0789,0.50638,0.33041,0.45697,0.36446,0.4518,0.45223,0.49279,0.52914,0.26559,0.2584,0.85013,0.42081,0.18177,0.64581,2010
0.4097,0.44114,0.4757,0.25645,0.50968,0.55555,1.0131,1.1108,0.46084,0.24903,0.35993,0.52454,0.36734,0.44937,0.78826,0.40519,0.12058,0.25872,0.95231,0.37209,0.30696,0.5025,2011
0.29966,0.51851,0.30562,0.39099,0.6103,0.33346,0.93608,1.0351,0.3537,0.39152,0.43997,0.61718,0.4813,0.51993,0.61991,0.27968,0.37497,0.23646,0.87954,0.38547,0.57535,0.55893,2012
0.44681,0.50435,0.49938,0.38387,0.50103,0.48372,0.92406,0.55057,0.52668,0.32629,0.46031,0.50903,0.37618,0.50309,0.71537,0.32884,0.38113,0.33649,0.91772,0.35461,0.27649,0.59796,2013
0.33489,0.304,0.41731,0.39712,0.32379,0.47987,0.69409,0.91386,0.46049,0.47877,0.41253,0.38545,0.50991,0.45013,0.63517,0.34939,0.37663,0.30282,0.8102,0.56419,0.41288,0.33588,2014
0.3833,0.44588,0.4359,0.48502,0.6772,0.57366,0.86984,1.0657,0.23392,0.45999,0.36019,0.27873,0.34594,0.47912,0.46887,0.27439,0.31192,0.22176,1.2888,0.52376,0.1859,0.46845,2015
0.33235,0.43496,0.32344,0.39,0.40953,0.52793,0.89698,1.1109,0.44086,0.45213,0.47596,0.54986,0.3705,0.3759,0.601,0.35071,0.28388,0.25845,1.0613,0.48331,0.44785,0.31775,2016
0.48742,0.38919,0.50241,0.67238,0.5344,0.4144,0.8225,0.83085,0.43778,0.42917,0.30384,0.35998,0.50653,0.61669,0.43054,0.1024,0.49928,0.21411,0.86318,0.67424,0.53132,0.5802,2017
0.41579,0.29354,0.47793,0.51219,0.47154,0.36953,0.9294,0.93328,0.46739,0.41031,0.43189,0.28231,0.47222,0.5055,0.66918,0.31662,0.37382,0.36722,0.8246,0.72573,0.49699,0.58025,2018
0.24256,0.41407,0.42393,0.39526,0.48592,0.48444,0.81819,1.1431,0.42033,0.46641,0.40513,0.35068,0.43738,0.528,0.70634,0.33852,0.30575,0.22114,1.0393,0.44992,0.43556,0.45019,2019
0.28021,0.50909,0.44683,0.42294,0.27687,0.56894,0.80564,0.80328,0.2984,0.29881,0.30638,0.36825,0.32904,0.41268,0.58367,0.26588,0.28999,0.31383,0.95928,0.5095,0.26971,0.53099,2020
0.28719,0.35975,0.47565,0.49147,0.36574,0.47341,0.77336,0.79559,0.53317,0.44899,0.25652,0.48661,0.57805,0.49772,0.55144,0.35367,0.1876,0.27382,1.0369,0.42965,0.30546,0.44726,2021
0.32616,0.35051,0.50559,0.52733,0.35416,0.50546,0.89779,1.209,0.65343,0.37769,0.38688,0.52265,0.55508,0.28624,0.59491,0.26862,0.39517,0.28981,1.0833,0.38403,0.39955,0.37801,2022
0.35345,0.57945,0.37112,0.39233,0.26162,0.57028,1.169,1.0673,0.41658,0.49484,0.51132,0.52091,0.50462,0.47497,0.68678,0.4242,0.31799,0.41167,1.1212,0.74257,0.48549,0.51254,2023
0.35597,0.30457,0.32621,0.48449,0.43352,0.57917,0.94126,1.1159,0.6173,0.43771,0.32557,0.48837,0.51049,0.4912,0.60872,0.39678,0.35281,0.16219,1.2266,0.49022,0.4875,0.42554,2024
0.39768,0.39771,0.37202,0.39192,0.40518,0.46656,0.71928,1.1459,0.3737,0.41258,0.40031,0.45259,0.50502,0.36034,0.69145,0.21803,0.31919,0.32584,0.99797,0.44113,0.35234,0.36693,2025
0.33999,0.34985,0.2873,0.38179,0.34374,0.55271,0.68316,0.83682,0.47144,0.46166,0.30845,0.40867,0.48471,0.51612,0.65689,0.42915,0.33736,0.32723,1.1129,0.36125,0.62897,0.49713,2026
0.26448,0.51893,0.38604,0.48105,0.50866,0.41751,0.79687,1.0234,0.56829,0.37336,0.39136,0.55235,0.37039,0.54672,0.6439,0.28598,0.29875,0.31711,0.70517,0.51291,0.41517,0.45605,2027
0.29107,0.34838,0.40152,0.41691,0.4286,0.54652,1.0202,1.0171,0.52546,0.40644,0.42382,0.30335,0.38121,0.31053,0.59892,0.36858,0.36096,0.2822,0.779,0.48756,0.48751,0.39709,2028
0.36195,0.58502,0.39247,0.50721,0.67802,0.39789,0.77608,0.8008,0.34347,0.57223,0.48627,0.31802,0.3674,0.38076,0.72196,0.14717,0.41851,0.40356,1.0412,0.67089,0.24282,0.59701,2029
0.48335,0.41234,0.38606,0.44082,0.57237,0.41841,0.913,1.0024,0.58598,0.42143,0.4758,0.45027,0.25346,0.49008,0.5452,0.29234,0.25867,0.19699,0.89295,0.63384,0.4751,0.56175,2030
0.40467,0.30605,0.40952,0.54033,0.33623,0.49697,1.0592,0.88283,0.65588,0.37878,0.35433,0.5769,0.31821,0.33758,0.60423,0.28858,0.3872,0.29674,0.8797,0.59029,0.38005,0.37787,2031
0.36755,0.41039,0.54517,0.43124,0.65845,0.46086,0.65721,0.92417,0.63049,0.52194,0.21891,0.34519,0.55036,0.45585,0.57722,0.38565,0.24521,0.25935,1.0387,0.46565,0.45322,0.59708,2032
0.48658,0.48228,0.25613,0.34801,0.5735,0.4743,1.0947,0.86422,0.56624,0.45706,0.49339,0.35385,0.44994,0.60565,0.83167,0.4019,0.38857,0.21467,0.69595,0.42686,0.39976,0.6822,2033
0.21372,0.29508,0.46603,0.56104,0.56003,0.63824,1.0333,0.87149,0.73643,0.39206,0.48289,0.50019,0.48787,0.42123,0.57313,0.34372,0.36291,0.34815,0.87635,0.52063,0.39221,0.4876,2034
0.34643,0.47597,0.28506,0.36344,0.47379,0.64347,0.95892,1.0152,0.52863,0.49458,0.39338,0.42379,0.52406,0.3306,0.80615,0.31345,0.35407,0.30187,1.1088,0.55728,0.36517,0.54863,2035
0.58394,0.53565,0.44995,0.53312,0.3637,0.5979,0.85295,0.78897,0.47091,0.29757,0.41635,0.54396,0.65828,0.46596,0.64959,0.20707,0.34296,0.29697,1.2716,0.89806,0.46653,0.40444,2036
0.29268,0.3955,0.40841,0.36699,0.35625,0.65938,1.0162,1.2839,0.36496,0.39366,0.54021,0.48216,0.4756,0.53332,0.71707,0.37747,0.45245,0.45033,0.81734,0.70644,0.29728,0.72095,2037
0.4973,0.54849,0.32739,0.30291,0.40797,0.55088,0.97885,1.1022,0.56389,0.37257,0.44068,0.3827,0.43611,0.60557,0.6443,0.26513,0.32732,0.23616,1.0581,0.75643,0.5585,0.49572,2038
0.38381,0.54163,0.36885,0.30121,0.39053,0.55936,0.74133,1.0438,0.4061,0.53138,0.43902,0.4009,0.40105,0.54917,0.80523,0.31549,0.47371,0.33554,0.71554,0.76615,0.45945,0.51627,2039
0.37968,0.60684,0.45577,0.47997,0.51212,0.6021,0.84805,0.84627,0.46741,0.38556,0.41198,0.64452,0.44165,0.53211,0.78331,0.40013,0.43894,0.35652,0.87921,0.65693,0.56201,0.63479,2040
0.37979,0.36345,0.29912,0.47625,0.78506,0.44316,0.99113,1.1802,0.6279,0.42289,0.45099,0.46309,0.47404,0.57819,0.61579,0.34039,0.27762,0.41604,1.1084,0.61939,0.34772,0.6186,2041
0.43071,0.47404,0.50403,0.46151,0.69641,0.75854,1.3335,1.0612,0.41099,0.50741,0.44349,0.38323,0.47249,0.42809,0.61902,0.37353,0.38753,0.38259,1.2163,0.55429,0.45152,0.72065,2042
0.40085,0.42219,0.37252,0.37955,0.47705,0.4767,0.76515,1.1434,0.53999,0.40124,0.3852,0.38732,0.4297,0.52017,0.69709,0.30255,0.31276,0.33415,1.0246,0.75888,0.4979,0.66738,2043
0.50668,0.38133,0.39646,0.45435,0.28114,0.50873,0.98608,1.1811,0.64183,0.51519,0.52271,0.55619,0.42282,0.5018,0.68681,0.3955,0.30185,0.25869,1.2339,0.58293,0.44442,0.64477,2044
0.46514,0.5167,0.39898,0.54112,0.54849,0.50945,0.65724,0.93845,0.45137,0.30509,0.49735,0.51399,0.36102,0.42924,0.88612,0.32681,0.38234,0.25426,1.171,0.67646,0.36456,0.40685,2045
0.32437,0.37048,0.43991,0.43474,0.43321,0.67478,0.97754,0.91509,0.49611,0.49452,0.4877,0.61278,0.38991,0.53545,0.77706,0.5083,0.4472,0.2176,1.2401,0.66279,0.4563,0.51807,2046
0.35138,0.35115,0.38447,0.53565,0.24217,0.53664,1.026,1.0157,0.53472,0.56497,0.45834,0.32115,0.35006,0.4746,0.62114,0.35337,0.45027,0.32492,1.0561,0.65791,0.54779,0.44917,2047
0.37016,0.44475,0.42484,0.47151,0.61827,0.62465,0.94955,1.0444,0.48752,0.40246,0.34389,0.35305,0.25712,0.41597,0.72923,0.38835,0.37544,0.10083,1.008,0.88194,0.34114,0.61313,2048
0.42788,0.40577,0.34191,0.46929,0.55552,0.56989,1.1105,0.83439,0.61013,0.43308,0.39546,0.58213,0.46165,0.4275,0.69473,0.21248,0.35915,0.38726,1.2266,0.5575,0.37407,0.50163,2049
0.59139,0.37205,0.47945,0.5625,0.44351,0.48654,0.8529,1.1542,0.6449,0.46593,0.32762,0.45317,0.35931,0.46394,0.58733,0.2865,0.39753,0.36505,1.003,0.52671,0.4988,0.56774,2050
0.5629,0.54134,0.48459,0.55208,0.72266,0.77404,0.95815,1.2919,0.54646,0.68682,0.44731,0.4368,0.44186,0.46253,0.62152,0.29935,0.29302,0.24938,1.1496,0.52087,0.66204,0.63826,2051
0.44872,0.50976,0.4847,0.38424,0.50044,0.7043,0.93544,0.89332,0.52318,0.53729,0.50848,0.5578,0.47257,0.46073,0.77602,0.32664,0.382,0.3831,0.85556,0.59513,0.48174,0.52143,2052
0.44132,0.25978,0.42833,0.40317,0.65762,0.62744,1.1183,0.99772,0.85777,0.42073,0.4974,0.58151,0.53795,0.55956,0.7527,0.34849,0.3618,0.37434,0.92664,0.5406,0.6096,0.61941,2053
0.44759,0.45306,0.30432,0.45973,0.74322,0.65697,0.97488,1.0907,0.66207,0.46458,0.3983,0.56413,0.42008,0.3206,0.93836,0.42883,0.32889,0.35802,1.1441,0.52939,0.51822,0.51743,2054
0.48809,0.41341,0.43523,0.48952,0.55932,0.49702,1.1125,1.045,0.55832,0.54221,0.40364,0.55195,0.59015,0.49865,0.69309,0.40161,0.33473,0.37053,0.89665,0.68522,0.40176,0.60152,2055
0.31809,0.47921,0.44834,0.37013,0.58917,0.60963,0.8288,0.9059,0.67089,0.47371,0.4141,0.46094,0.38593,0.40964,0.57012,0.44964,0.41454,0.38313,1.0646,0.64298,0.54739,0.54493,2056
0.378,0.41407,0.22666,0.51102,0.54513,0.53506,0.78585,1.0919,0.55819,0.4339,0.44,0.42801,0.5532,0.51625,0.7142,0.3584,0.36588,0.35683,1.015,0.59114,0.6028,0.5425,2057
0.4216,0.45733,0.34603,0.49308,0.39111,0.54549,0.65326,0.67423,0.71295,0.44315,0.41236,0.38686,0.52663,0.5014,0.71713,0.32601,0.40366,0.27925,1.3231,0.55484,0.43724,0.36403,2058
0.48963,0.36093,0.39205,0.49941,0.67001,0.54038,0.76115,1.0653,0.49631,0.52156,0.53219,0.42011,0.515,0.51581,0.68486,0.45798,0.45824,0.33509,0.85281,0.71352,0.64927,0.75712,2059
0.41792,0.54847,0.35658,0.46635,0.45283,0.55624,0.87181,1.3905,0.71252,0.53688,0.36857,0.47848,0.51622,0.44541,0.57013,0.403,0.4924,0.33566,0.90671,0.42694,0.53179,0.63205,2060
0.40658,0.37508,0.49515,0.31955,0.65795,0.40232,1.0315,0.9774,0.6351,0.55457,0.36501,0.51529,0.40569,0.53958,0.78768,0.35968,0.38438,0.33461,1.1485,0.53436,0.60109,0.70094,2061
0.39454,0.52536,0.55343,0.65381,0.51414,0.53358,0.82297,1.0286,0.46229,0.5836,0.422,0.65002,0.45561,0.53644,0.70113,0.43775,0.46896,0.33718,1.1245,0.50106,0.66064,0.7262,2062
0.35758,0.49063,0.31305,0.45332,0.56036,0.64067,1.0361,1.1395,0.4955,0.52849,0.456,0.37183,0.34525,0.45237,0.74286,0.35064,0.41999,0.29305,1.0212,0.56354,0.48435,0.4558,2063
0.41605,0.54746,0.38873,0.47652,0.54738,0.5913,0.6804,0.96674,0.7205,0.49278,0.4568,0.58805,0.37436,0.61969,0.56049,0.34975,0.29093,0.45546,1.1075,0.55827,0.55949,0.6055,2064
0.42534,0.59391,0.37818,0.42482,0.67892,0.75368,0.78604,0.91939,0.64279,0.42029,0.49231,0.43763,0.49996,0.61367,0.73454,0.29462,0.30378,0.53705,0.94377,0.70313,0.62265,0.57818,2065
0.39096,0.47579,0.43752,0.49408,0.56342,0.71925,0.94965,0.97794,0.51649,0.34599,0.58172,0.48713,0.42911,0.4602,0.70444,0.34772,0.35969,0.67689,0.69019,0.69413,0.48962,0.60158,2066
0.39531,0.63828,0.49328,0.50602,0.48171,0.67917,0.85058,1.0611,0.56394,0.62868,0.60253,0.46452,0.56367,0.48616,0.82231,0.31581,0.33224,0.35031,0.95703,0.73025,0.41353,0.42063,2067
0.43403,0.50008,0.45992,0.49217,0.78283,0.51899,0.99155,0.89466,0.66982,0.50696,0.59928,0.47052,0.50289,0.46927,0.91945,0.34113,0.4782,0.34876,1.16,0.54352,0.5882,0.52894,2068
0.40327,0.40185,0.47836,0.52803,0.68573,0.66674,1.1267,0.94721,0.60071,0.42785,0.4454,0.41435,0.5604,0.57426,0.66732,0.26916,0.31445,0.36337,1.2032,0.67742,0.56035,1.002,2069
0.39619,0.43563,0.46577,0.55475,0.76198,0.54022,0.67435,0.86438,0.491,0.66538,0.46424,0.49368,0.39086,0.57359,0.81589,0.5097,0.31789,0.42847,1.0472,0.5816,0.66014,0.48286,2070
0.36898,0.46687,0.51354,0.61083,0.73422,0.64224,1.06,0.98975,0.55928,0.50325,0.46001,0.51867,0.44735,0.51035,0.76176,0.33238,0.4903,0.38586,0.87812,0.59182,0.30833,0.47244,2071
0.58625,0.63082,0.43619,0.47989,0.7541,0.73699,0.93341,0.88234,0.67577,0.40555,0.4485,0.47347,0.50559,0.54674,0.79724,0.38589,0.41921,0.50415,0.95071,0.60475,0.5659,0.74422,2072
0.43466,0.55261,0.52005,0.47721,0.58585,0.66056,1.1535,1.2924,0.60164,0.33782,0.47827,0.36801,0.43084,0.38831,0.77751,0.31744,0.4385,0.44385,1.3033,0.73254,0.52401,0.71135,2073
0.33576,0.61549,0.36318,0.50387,0.68367,0.63781,1.0736,0.97033,0.68746,0.42983,0.43393,0.42482,0.4306,0.59516,0.71499,0.38119,0.39563,0.53265,1.0919,0.57195,0.64791,0.36983,2074
0.45341,0.43863,0.50234,0.63092,0.54794,0.55381,0.76606,1.1474,0.77181,0.44895,0.47148,0.42869,0.518,0.56154,0.7366,0.38573,0.57315,0.43377,1.3601,0.68685,0.55792,0.48616,2075
0.51276,0.37845,0.40761,0.51838,0.49427,0.57613,1.0209,0.94401,0.72846,0.54975,0.58017,0.32595,0.62241,0.5656,0.77984,0.46924,0.33509,0.37385,0.92234,0.54157,0.56979,0.60759,2076
0.43753,0.33539,0.48688,0.43752,0.70312,0.52138,1.0724,1.2522,0.59531,0.37929,0.36688,0.51515,0.50088,0.59386,0.77647,0.42483,0.4455,0.5094,0.98523,0.7921,0.55979,0.57372,2077
0.3749,0.39963,0.39777,0.39385,0.42013,0.63821,1.1286,1.0469,0.52494,0.5426,0.42248,0.34124,0.53216,0.55004,0.73668,0.51293,0.36563,0.46407,1.0234,0.5079,0.55175,0.60796,2078
0.45036,0.57784,0.39448,0.44323,0.50799,0.53264,0.86996,1.2065,0.69973,0.63159,0.48764,0.52238,0.46499,0.73888,0.68711,0.29378,0.36041,0.39479,1.2011,0.59454,0.73294,0.49188,2079
0.41954,0.51456,0.43245,0.45268,0.4509,0.45334,0.93408,0.84734,0.75013,0.53161,0.31492,0.57501,0.50403,0.5877,0.76359,0.34897,0.41123,0.44637,1.218,0.60302,0.82219,0.48642,2080
0.38542,0.52939,0.40084,0.44421,0.67096,0.63661,0.99973,1.1985,0.74466,0.49449,0.5286,0.40449,0.44371,0.61618,0.80455,0.32541,0.51823,0.30265,1.1394,0.77631,0.50797,0.43544,2081
0.55585,0.44661,0.38063,0.53298,0.53764,0.5362,1.0788,1.0362,0.47931,0.55364,0.5781,0.59476,0.44692,0.5593,0.94421,0.43073,0.54843,0.32486,0.96527,0.62474,0.46944,0.83439,2082
0.38666,0.47027,0.40761,0.49815,0.59634,0.75264,0.7547,1.1299,0.78252,0.44434,0.51778,0.66906,0.4603,0.53697,0.86309,0.2864,0.42736,0.46806,0.9743,0.5525,0.61922,0.57427,2083
0.40562,0.58547,0.29929,0.48519,0.63599,0.70995,0.82703,0.55905,0.70884,0.51389,0.40101,0.35393,0.53122,0.507,0.9396,0.26222,0.43317,0.46055,1.0486,0.74523,0.49438,0.65687,2084
0.40673,0.3664,0.43482,0.50831,0.80693,0.76798,0.9444,0.9789,0.64388,0.4547,0.52957,0.39997,0.44823,0.45577,0.95121,0.27949,0.47356,0.44185,1.1477,0.86961,0.46695,0.66868,2085
0.37386,0.5626,0.41317,0.43022,0.49022,0.53671,0.92402,0.84516,0.70352,0.49011,0.51822,0.35301,0.44104,0.49947,0.77686,0.40757,0.51723,0.32412,0.98055,0.85827,0.62717,0.41517,2086
0.41867,0.44229,0.58422,0.46657,0.52553,0.64669,0.67532,1.0208,0.81499,0.47873,0.35534,0.5466,0.49302,0.48234,0.85334,0.34943,0.43441,0.42407,1.1313,0.62984,0.64394,0.62501,2087
0.32579,0.65487,0.43926,0.52659,0.41104,0.51731,1.1037,0.95503,0.77581,0.48288,0.40244,0.44811,0.4771,0.65449,0.89589,0.45034,0.46354,0.4556,0.80102,0.54963,0.67736,0.51365,2088
0.485,0.46043,0.42345,0.59229,0.60477,0.48357,0.95412,0.86639,0.74656,0.62478,0.53916,0.52889,0.49132,0.55516,0.69725,0.47082,0.45869,0.58514,1.1085,0.53392,0.69786,0.39702,2089
0.67143,0.49915,0.27201,0.51668,0.53151,0.60277,0.74291,0.96188,0.70812,0.69955,0.45897,0.38267,0.39644,0.45414,0.81607,0.34319,0.37275,0.47235,1.1245,0.72058,0.63452,0.44537,2090
0.52761,0.58306,0.49017,0.43502,0.7002,0.61682,1.0282,0.73513,0.76967,0.41023,0.48667,0.64077,0.41534,0.52404,0.85933,0.37311,0.44637,0.45626,0.95089,0.55906,0.44057,0.64065,2091
0.46582,0.60347,0.43555,0.50383,0.43888,0.63943,0.90566,0.90011,0.66099,0.49586,0.5091,0.54922,0.52823,0.56423,0.71479,0.40727,0.46319,0.49011,0.85714,0.82938,0.42796,0.49284,2092
0.37611,0.37664,0.38667,0.47011,0.73092,0.72765,0.93032,1.0761,0.75605,0.55905,0.47417,0.47115,0.50187,0.59684,0.72127,0.40215,0.45597,0.56677,1.0069,0.4869,0.80445,0.81661,2093
0.28776,0.59648,0.44136,0.49088,0.57611,0.8037,1.0081,1.021,0.6233,0.53033,0.49482,0.46363,0.39948,0.61809,0.90536,0.35732,0.39358,0.45575,1.2988,0.76023,0.73165,0.72764,2094
0.34542,0.43783,0.43927,0.49127,0.56753,0.90228,1.0407,0.90779,0.79777,0.46002,0.56206,0.38231,0.39529,0.59113,0.79751,0.43888,0.43081,0.58775,0.72027,0.8562,0.53911,0.41049,2095
0.5131,0.35414,0.47727,0.50155,0.58365,0.57682,0.83359,1.0417,0.70628,0.55313,0.40801,0.56981,0.36642,0.57565,0.74497,0.4472,0.48941,0.67381,1.0738,0.72663,0.77753,0.63733,2096
0.54544,0.39813,0.40082,0.5962,0.57064,0.71344,0.84228,0.64299,0.74346,0.59327,0.40153,0.54512,0.46859,0.55468,0.78546,0.51343,0.41978,0.46858,1.3602,0.56063,0.67154,0.68905,2097
0.56614,0.64273,0.40173,0.47651,0.4872,0.58259,1.1383,1.1272,0.59852,0.47368,0.492,0.47732,0.51838,0.49623,0.89953,0.41696,0.49349,0.4465,0.94714,0.80845,0.5272,0.68411,2098
0.39539,0.37655,0.42042,0.52303,0.53483,0.78147,1.1146,1.1136,0.72684,0.61954,0.39724,0.44814,0.49002,0.57823,0.72891,0.36706,0.4839,0.46323,0.97164,0.67903,0.4982,0.60694,2099
